{
  "bank_1": {
    "accuracy": 0.999297629499561,
    "f1": 0.7142857142857143,
    "auc": 0.9888797513202063,
    "n_samples": 11390
  },
  "bank_2": {
    "accuracy": 0.9992981224776276,
    "f1": 0.8181818181818182,
    "auc": 0.9731381341774377,
    "n_samples": 11398
  },
  "bank_3": {
    "accuracy": 0.9998243765367053,
    "f1": 0.9285714285714286,
    "auc": 0.9999765526539465,
    "n_samples": 11388
  },
  "bank_4": {
    "accuracy": 0.9993852099069032,
    "f1": 0.631578947368421,
    "auc": 0.9993101069334253,
    "n_samples": 11386
  },
  "bank_5": {
    "accuracy": 0.9990351723533023,
    "f1": 0.7659574468085106,
    "auc": 0.9888080792855258,
    "n_samples": 11401
  },
  "_average": {
    "accuracy": 0.9993681021548199,
    "f1": 0.7717150710431785,
    "auc": 0.9900225248741084
  }
}