{
  "accuracy": 0.9992977774656788,
  "f1": 0.7647058823529411,
  "auc": 0.9882515963616734,
  "n_train": 227845,
  "n_test": 56962
}