{
  "accuracy": 0.9989817773252344,
  "precision": 0.644927536231884,
  "recall": 0.9081632653061225,
  "f1": 0.7542372881355932,
  "auc": 0.9843186536010015,
  "n_train": 227845,
  "n_test": 56962
}